,name_exp,feat_imp,shap_rank,mean_unpriv,mean_priv,priv_greater_unpriv,dataset,acc_test,disp_impact_bin,mean_difference,disp_impact_clf,avg_odds,equal_opport,false_discovery_rate,entropy_index,consistency
0,rf_orig,0.008764681450419977,11,-0.023383807033800795,0.005260924079196465,1,german,0.7633333333333333,0.8826259946949602,-0.10088344257623261,0.8826259946949602,-0.039622524368287115,-0.004519774011299438,0.16171328671328672,0.08097038437303096,0.8620000000000001
1,rf_transf,0.00246175157805884,36,-0.006177307113124778,0.0014603779939268617,1,german,0.76,0.9643786597267404,-0.031205471644343064,0.9643786597267404,0.02624790463773513,0.05084745762711862,0.18020793222949555,0.07454754380925036,0.8793333333333333
2,gbm_orig,0.07059228061639616,13,-0.18894223581535788,0.04213978206719815,1,german,0.75,0.8683703833362507,-0.10715303505272156,0.8683703833362507,-0.04026975849009751,-0.031638418079096065,0.17296025752135694,0.09829683920373125,0.8053333333333332
3,gbm_transf,0.0014947709287633966,52,0.004771002123703145,-0.0007095584936125548,0,german,0.7533333333333333,0.8986737400530505,-0.08164719293245937,0.8986737400530505,-0.013085925374060947,0.007344632768361614,0.16739926739926742,0.09779614325068864,0.8106666666666665
4,lr_orig,0.14501536757809375,12,-0.3750521030195669,0.0871963058192172,1,german,0.7633333333333333,0.7068023365366496,-0.22171558848674844,0.7068023365366496,-0.12953374309306515,-0.17005649717514126,0.16411069980609905,0.11273859669598603,0.8106666666666666
5,lr_transf,0.009508321015691566,58,0.006848635039119124,-0.0020267093945386394,0,german,0.7566666666666667,0.9628647214854111,-0.027928184667996625,0.9628647214854111,0.06982523126590923,-0.03672316384180785,0.2509157509157509,0.10752918229856,0.8093333333333332
