,name_exp,feat_imp,shap_rank,mean_unpriv,mean_priv,priv_greater_unpriv,dataset,acc_test,1_disp_impact_bin,mean_difference,1_disp_impact_clf,avg_odds,equal_opport,false_discovery_rate,entropy_index,consistency
0,rf_transf,0.011001679906503586,13,0.020982439672077646,-0.007988950067441623,0,adult,0.7533333333333333,0.1784884759692693,-0.14234824736392138,0.1784884759692693,-0.0655584528465884,-0.09265536723163836,0.18707390237251156,0.1029949702789208,0.7839999999999999
1,rf_orig,0.005075366811892454,32,0.006104531503933083,-0.0019072254840790765,0,adult,0.76,0.14412024756852337,-0.11612995155314898,0.14412024756852337,-0.036684360836903185,-0.07062146892655363,0.1955128205128205,0.09674301011302801,0.7926666666666665
2,lr_transf,0.008663249541592245,58,0.0019513632852587377,-0.0009246139305946602,0,adult,0.7566666666666667,0.037135278514588865,-0.027928184667996625,0.037135278514588865,0.06982523126590923,-0.03672316384180785,0.2509157509157509,0.10752918229856,0.8093333333333332
3,lr_orig,0.14202954874505103,12,-0.366079587576437,0.08539109832065019,1,adult,0.7633333333333333,0.2931976634633504,-0.22171558848674844,0.2931976634633504,-0.12953374309306515,-0.17005649717514126,0.16411069980609905,0.11273859669598603,0.8106666666666666
