,name_exp,feat_imp,shap_rank,mean_unpriv,mean_priv,priv_greater_unpriv,dataset,acc_test,disp_impact_bin,mean_difference,disp_impact_clf,avg_odds,equal_opport,false_discovery_rate,entropy_index,consistency
0,rf_orig,0.0012682527688393887,24,-0.004091210150644522,0.0007676186224579449,1,adult,0.858941549800389,0.6412283652947554,-0.06539187430588203,0.6412283652947554,0.002570802476637499,0.025318987240510404,0.0060614807331505205,0.079016497938046,0.9501279557784834
1,rf_transf,0.0010723907733940067,26,0.0038585231389402603,-0.0005683755325097865,0,adult,0.8606817483877572,0.6936178226173308,-0.055290884348043856,0.6936178226173308,0.019152419757135497,0.05094596216151359,0.03457636595037186,0.07802824468538362,0.9466066127546323
2,gbm_orig,0.01970868500830459,13,-0.06484118968338166,0.01160785427482733,1,adult,0.8692803767018119,0.6452624433903987,-0.07147601615214483,0.6452624433903987,-0.011973256679823414,-0.010231590736370477,0.05799045915324985,0.07151119400795128,0.9324802948101134
3,gbm_transf,0.025514335983413364,13,0.08731134960532957,-0.014778005129479624,0,adult,0.8684614597195209,0.730849672873087,-0.05322857604840789,0.730849672873087,0.015811682498334218,0.03237070517179319,0.09996104809687978,0.07206207857105891,0.9334015764151908
4,lr_orig,0.08518371139530878,17,-0.29155002882247333,0.049330570100141365,1,adult,0.8520831200737026,0.5749454313623791,-0.0915172157874104,0.5749454313623791,-0.04144151042799692,-0.04885804567817287,0.018720695331205073,0.07990232225240083,0.9399529122735184
5,lr_transf,0.05159749668067111,28,0.17595716858208574,-0.029804123257447895,0,adult,0.8511618384686253,0.8261219565356547,-0.03566139855744774,0.8261219565356547,0.057766199893940905,0.11623935042598299,0.08923400643209833,0.08063810759585055,0.9358173815129491
