,name_exp,feat_imp,shap_rank,mean_unpriv,mean_priv,priv_greater_unpriv,dataset,acc_test,disp_impact_bin,mean_difference,disp_impact_clf,avg_odds,equal_opport,false_discovery_rate,entropy_index,consistency
0,rf_orig,0.008153014437811244,8,0.0009775738114241343,-0.00131605442111376,0,compas,0.6722462203023758,0.7625976130838368,-0.16902435314419384,0.7625976130838368,-0.13771313073528688,-0.10527961484425863,0.04932157394843961,0.1435659660452371,0.9211663066954643
1,rf_transf,0.021213297753718514,4,0.01650717918032934,-0.030194460259151415,0,compas,0.6690064794816415,0.8282633088143623,-0.11560269180133542,0.8282633088143623,-0.08296868809844482,-0.059615186923894004,0.06568649373881935,0.14606538359821744,0.9114470842332614
2,gbm_orig,0.028895337444884057,6,0.022917233890720517,-0.03891103836789163,0,compas,0.677645788336933,0.7418184550323613,-0.1892495790782206,0.7418184550323613,-0.1563675783654016,-0.12841808587191172,0.049173748120659444,0.13874908551991003,0.942656587473002
3,gbm_transf,0.1669358877551816,3,0.13181717762787465,-0.23528713626856407,0,compas,0.6711663066954644,0.8652555115111988,-0.09048375845121759,0.8652555115111988,-0.055831501204536976,-0.04216495905150264,0.07891986355463693,0.14017506036847727,0.9205183585313174
4,lr_orig,0.039465446199734584,11,-0.030310907623133793,0.057744897014500675,1,compas,0.6657667386609071,0.781967073274759,-0.16087866437978948,0.781967073274759,-0.1317537994216597,-0.09777524586231712,0.056130494776266526,0.13613278463648845,0.9558315334773217
5,lr_transf,0.11562265465502491,4,0.08815783008860967,-0.1703848015223062,0,compas,0.6565874730021598,1.000329997159518,0.00020718268267483353,1.000329997159518,0.032951593156149955,0.04205787616077861,0.10100432324575986,0.14087442407607087,0.9056155507559396
