,name_exp,feat_imp,shap_rank,mean_unpriv,mean_priv,priv_greater_unpriv,dataset,acc_test,1_disp_impact_bin,mean_difference,1_disp_impact_clf,avg_odds,equal_opport,false_discovery_rate,entropy_index,consistency
0,rf_transf,0.027643828247868943,4,-0.003538797488052662,0.007485346317707327,1,adult,0.6214902807775378,0.18463104598363178,-0.10844833283504585,0.18463104598363178,-0.08091790807699054,-0.08658294212383932,0.09145446155136971,0.1976648318561244,0.7657667386609088
1,rf_orig,0.026028627312423606,5,0.00038264468135347935,0.003755384494271106,1,adult,0.6177105831533477,0.2220031374860244,-0.13435141330060374,0.2220031374860244,-0.11587976659637031,-0.07014357673988281,0.04307988255543177,0.19943326072443235,0.7704103671706284
2,lr_transf,0.11948555320582278,4,0.09110642459713614,-0.17603202252593017,0,adult,0.6565874730021598,-0.0003299971595180917,0.00020718268267483353,-0.0003299971595180917,0.032951593156149955,0.04205787616077861,0.10100432324575986,0.14087442407607087,0.9056155507559396
3,lr_orig,0.03906586225463536,11,-0.030004489155911165,0.057159283620048955,1,adult,0.6657667386609071,0.218032926725241,-0.16087866437978948,0.218032926725241,-0.1317537994216597,-0.09777524586231712,0.056130494776266526,0.13613278463648845,0.9558315334773217
