,name_exp,feat_imp,shap_rank,mean_unpriv,mean_priv,priv_greater_unpriv,dataset,acc_test,disp_impact_bin,mean_difference,disp_impact_clf,avg_odds,equal_opport,false_discovery_rate,entropy_index,consistency
0,rf_orig,0.0011525430200455176,22,-0.0008656480197846351,0.001430149917368719,1,default,0.8357777777777777,0.772603872409074,-0.025927167234563925,0.772603872409074,-0.01772333614939113,-0.025203392432266436,0.010930231357424214,0.09572586972546063,0.9677111111111113
1,rf_transf,0.0004114449065328965,25,0.0002519503107413124,-0.0003029714401732245,0,default,0.8357777777777777,0.7818025551101973,-0.024382028956978247,0.7818025551101973,-0.014897065932138086,-0.01998426586844726,0.008919132841426425,0.09583317625910685,0.9692000000000002
2,gbm_orig,0.02182688916439909,19,-0.01729867946474486,0.028130055398228698,1,default,0.8372222222222222,0.7803371890909883,-0.02567000718896896,0.7803371890909883,-0.012635327348511059,-0.012443395502340915,-0.009270072992700773,0.09457907649956042,0.9697333333333334
3,gbm_transf,0.007181022330311548,22,0.005961106804874302,-0.00894257590787655,0,default,0.8377777777777777,0.815495496816565,-0.02087938364145782,0.815495496816565,-0.005095651470247285,-0.00017269168777339639,-0.002919737025046165,0.09429696357709755,0.9697111111111113
4,lr_orig,0.05930555376145182,8,-0.04920125931779095,0.07505814018015884,1,default,0.8233333333333334,0.6138484739733173,-0.030633004197169307,0.6138484739733173,-0.033855698966191894,-0.05345767134853019,-0.032056703314405355,0.1063914252355697,0.975088888888889
5,lr_transf,0.020565167841864015,19,0.01701690471575881,-0.026096907028794615,0,default,0.8237777777777778,0.8881437730607894,-0.007442239722426865,0.8881437730607894,0.0064096038012363705,0.016079514928237004,0.005460588793922139,0.10601813833994504,0.9754222222222223
