,name_exp,feat_imp,shap_rank,mean_unpriv,mean_priv,priv_greater_unpriv,dataset,acc_test,1_disp_impact_bin,mean_difference,1_disp_impact_clf,avg_odds,equal_opport,false_discovery_rate,entropy_index,consistency
0,rf_transf,0.004345757601090026,25,0.008076982365605688,-0.0015207478988693468,0,adult,0.8434844917596479,0.41978277878514825,-0.09406402528346766,0.41978277878514825,-0.04735091150530524,-0.058013679452821876,0.0355028235696766,0.08350514715408996,0.8815231855870591
1,rf_orig,0.004275606787186404,24,0.008153037011238599,-0.0015540679799432072,0,adult,0.8437915856280069,0.3913537186634387,-0.08759966092394406,0.3913537186634387,-0.0365853869747214,-0.04108235670573179,0.047608927252861644,0.08324357731356714,0.8849831098372385
2,lr_transf,0.055355222888436716,27,0.18904258570174473,-0.03200627357642337,0,adult,0.8511618384686253,0.17387804346434532,-0.03566139855744774,0.17387804346434532,0.057766199893940905,0.11623935042598299,0.08923400643209833,0.08063810759585055,0.9358173815129491
3,lr_orig,0.08836405118418734,17,-0.30251460921088996,0.05115851148616775,1,adult,0.8520831200737026,0.4250545686376209,-0.0915172157874104,0.4250545686376209,-0.04144151042799692,-0.04885804567817287,0.018720695331205073,0.07990232225240083,0.9399529122735184
